appid,price,currency,is_free_now,price_checked_at
10,1.99,USD,False,2026-10-04T17:34:27.339025+00:00
30,0.99,USD,False,2026-10-04T17:34:28.986268+00:00
40,0.99,USD,False,2026-10-04T17:34:30.455972+00:00
70,1.99,USD,False,2026-10-04T17:34:31.910143+00:00
80,1.99,USD,False,2026-10-04T17:34:33.358163+00:00
130,0.99,USD,False,2026-10-04T17:34:34.786568+00:00
220,1.99,USD,False,2026-10-04T17:34:36.228968+00:00
240,1.99,USD,False,2026-10-04T17:34:37.700556+00:00
280,1.99,USD,False,2026-10-04T17:34:39.118477+00:00
300,1.99,USD,False,2026-10-04T17:34:40.567703+00:00
320,,,False,2026-10-04T17:34:41.993693+00:00
340,,,False,2026-10-04T17:34:43.491168+00:00
360,1.99,USD,False,2026-10-04T17:34:44.916004+00:00
380,,,False,2026-10-04T17:34:46.383227+00:00
400,1.99,USD,False,2026-10-04T17:34:47.816140+00:00
420,,,False,2026-10-04T17:34:49.230242+00:00
440,0.0,,True,2026-10-04T17:34:50.642654+00:00
500,1.99,USD,False,2026-10-04T17:34:52.181097+00:00
550,1.99,USD,False,2026-10-04T17:34:53.638233+00:00
620,1.99,USD,False,2026-10-04T17:34:55.121909+00:00
630,0.0,,True,2026-10-04T17:34:56.558046+00:00
730,0.0,,True,2026-10-04T17:34:58.049853+00:00
1250,1.99,USD,False,2026-10-04T17:34:59.480636+00:00
1840,0.0,,True,2026-10-04T17:35:01.058743+00:00
2100,2.49,USD,False,2026-10-04T17:35:02.547272+00:00
2280,3.99,USD,False,2026-10-04T17:35:04.075131+00:00
2310,3.99,USD,False,2026-10-04T17:35:05.626828+00:00
3590,4.99,USD,False,2026-10-04T17:35:07.048862+00:00
3900,3.99,USD,False,2026-10-04T17:35:08.597929+00:00
3910,0.99,USD,False,2026-10-04T17:35:10.039927+00:00
4000,4.99,USD,False,2026-10-04T17:35:11.478460+00:00
4500,19.99,USD,False,2026-10-04T17:35:12.981014+00:00
4560,7.39,USD,False,2026-10-04T17:35:14.425496+00:00
4570,9.89,USD,False,2026-10-04T17:35:15.926458+00:00
4700,4.99,USD,False,2026-10-04T17:35:17.391517+00:00
4760,,,False,2026-10-04T17:35:18.855626+00:00
6000,3.49,USD,False,2026-10-04T17:35:20.332398+00:00
6060,4.99,USD,False,2026-10-04T17:35:21.816863+00:00
6850,0.89,USD,False,2026-10-04T17:35:23.338837+00:00
6860,0.99,USD,False,2026-10-04T17:35:24.808685+00:00
6880,0.97,USD,False,2026-10-04T17:35:26.228522+00:00
6910,0.9,USD,False,2026-10-04T17:35:27.683306+00:00
7670,4.99,USD,False,2026-10-04T17:35:29.135825+00:00
7940,19.99,USD,False,2026-10-04T17:35:30.640517+00:00
8190,1.49,USD,False,2026-10-04T17:35:32.058594+00:00
8500,0.0,,True,2026-10-04T17:35:33.550465+00:00
8800,5.99,USD,False,2026-10-04T17:35:35.006534+00:00
8850,2.99,USD,False,2026-10-04T17:35:36.437594+00:00
8870,7.49,USD,False,2026-10-04T17:35:37.888835+00:00
8930,7.49,USD,False,2026-10-04T17:35:39.298869+00:00
8980,5.99,USD,False,2026-10-04T17:35:40.775873+00:00
9010,1.99,USD,False,2026-10-04T17:35:42.315967+00:00
9480,1.49,USD,False,2026-10-04T17:35:43.734030+00:00
9900,0.0,,True,2026-10-04T17:35:45.261121+00:00
10090,19.99,USD,False,2026-10-04T17:35:46.695075+00:00
10180,19.99,USD,False,2026-10-04T17:35:48.164975+00:00
10500,4.99,USD,False,2026-10-04T17:35:49.644746+00:00
10680,2.99,USD,False,2026-10-04T17:35:51.191883+00:00
11020,0.0,,True,2026-10-04T17:35:52.677811+00:00
12100,,,False,2026-10-04T17:35:54.153927+00:00
12110,,,False,2026-10-04T17:35:55.656083+00:00
12120,,,False,2026-10-04T17:35:57.167506+00:00
12200,5.24,USD,False,2026-10-04T17:35:58.623091+00:00
12210,5.99,USD,False,2026-10-04T17:36:00.083413+00:00
13520,2.99,USD,False,2026-10-04T17:36:01.528650+00:00
15620,9.99,USD,False,2026-10-04T17:36:02.971111+00:00
17080,,,False,2026-10-04T17:36:04.488057+00:00
17300,29.99,USD,False,2026-10-04T17:36:06.022517+00:00
17330,4.99,USD,False,2026-10-04T17:36:07.513480+00:00
17410,6.99,USD,False,2026-10-04T17:36:09.218551+00:00
17460,7.49,USD,False,2026-10-04T17:36:10.765070+00:00
17470,7.99,USD,False,2026-10-04T17:36:12.221858+00:00
17480,,,False,2026-10-04T17:36:13.654506+00:00
20570,,,False,2026-10-04T17:36:15.111648+00:00
20900,1.49,USD,False,2026-10-04T17:36:16.615007+00:00
20920,2.99,USD,False,2026-10-04T17:36:18.033118+00:00
21690,4.99,USD,False,2026-10-04T17:36:19.502833+00:00
22320,5.99,USD,False,2026-10-04T17:36:20.948749+00:00
22330,3.74,USD,False,2026-10-04T17:36:22.415792+00:00
22370,6.59,USD,False,2026-10-04T17:36:23.839909+00:00
23310,,,False,2026-10-04T17:36:25.263065+00:00
24010,5.99,USD,False,2026-10-04T17:36:26.688645+00:00
24240,3.29,USD,False,2026-10-04T17:36:28.098161+00:00
24960,,,False,2026-10-04T17:36:29.546904+00:00
24980,,,False,2026-10-04T17:36:31.008509+00:00
26800,14.99,USD,False,2026-10-04T17:36:32.631459+00:00
32370,3.99,USD,False,2026-10-04T17:36:34.111781+00:00
32430,6.99,USD,False,2026-10-04T17:36:35.592117+00:00
32470,6.99,USD,False,2026-10-04T17:36:37.188951+00:00
32800,,,False,2026-10-04T17:36:38.639600+00:00
33230,4.99,USD,False,2026-10-04T17:36:40.059552+00:00
33900,2.59,USD,False,2026-10-04T17:36:41.681959+00:00
33930,3.99,USD,False,2026-10-04T17:36:43.145710+00:00
34030,4.99,USD,False,2026-10-04T17:36:44.545781+00:00
34270,,,False,2026-10-04T17:36:45.971060+00:00
34330,,,False,2026-10-04T17:36:47.459389+00:00
34870,0.99,USD,False,2026-10-04T17:36:48.868761+00:00
35140,2.99,USD,False,2026-10-04T17:36:50.455639+00:00
35450,2.99,USD,False,2026-10-04T17:36:52.045390+00:00
35700,2.99,USD,False,2026-10-04T17:36:53.450337+00:00
35720,3.99,USD,False,2026-10-04T17:36:54.901892+00:00
38400,2.49,USD,False,2026-10-04T17:36:56.362984+00:00
39120,0.0,,True,2026-10-04T17:36:57.816916+00:00
39140,,,False,2026-10-04T17:36:59.282884+00:00
39210,19.99,USD,False,2026-10-04T17:37:00.718550+00:00
39500,4.99,USD,False,2026-10-04T17:37:02.182776+00:00
40800,2.39,USD,False,2026-10-04T17:37:03.686586+00:00
40990,4.94,USD,False,2026-10-04T17:37:05.185391+00:00
41000,1.49,USD,False,2026-10-04T17:37:06.717489+00:00
41070,2.99,USD,False,2026-10-04T17:37:08.268586+00:00
41500,2.99,USD,False,2026-10-04T17:37:09.734988+00:00
42680,39.99,USD,False,2026-10-04T17:37:11.193204+00:00
42700,39.99,USD,False,2026-10-04T17:37:12.606508+00:00
42910,2.49,USD,False,2026-10-04T17:37:14.138144+00:00
47790,4.99,USD,False,2026-10-04T17:37:15.621977+00:00
47810,7.49,USD,False,2026-10-04T17:37:17.063647+00:00
47870,,,False,2026-10-04T17:37:18.711184+00:00
47890,19.99,USD,False,2026-10-04T17:37:20.171358+00:00
48000,1.24,USD,False,2026-10-04T17:37:21.582053+00:00
48190,4.99,USD,False,2026-10-04T17:37:23.034916+00:00
49520,4.99,USD,False,2026-10-04T17:37:24.513602+00:00
50130,5.99,USD,False,2026-10-04T17:37:25.931632+00:00
50300,,,False,2026-10-04T17:37:27.387960+00:00
50620,,,False,2026-10-04T17:37:28.891286+00:00
55110,1.99,USD,False,2026-10-04T17:37:30.332956+00:00
55150,9.99,USD,False,2026-10-04T17:37:31.810840+00:00
56400,,,False,2026-10-04T17:37:33.353264+00:00
57300,3.99,USD,False,2026-10-04T17:37:34.759180+00:00
57690,4.49,USD,False,2026-10-04T17:37:36.232537+00:00
63380,,,False,2026-10-04T17:37:37.648985+00:00
65790,4.99,USD,False,2026-10-04T17:37:39.095625+00:00
65800,2.99,USD,False,2026-10-04T17:37:40.542101+00:00
65930,3.99,USD,False,2026-10-04T17:37:42.071191+00:00
65980,9.99,USD,False,2026-10-04T17:37:43.576128+00:00
67370,2.99,USD,False,2026-10-04T17:37:45.007129+00:00
72850,19.99,USD,False,2026-10-04T17:37:46.524519+00:00
96000,0.99,USD,False,2026-10-04T17:37:48.021656+00:00
96100,0.69,USD,False,2026-10-04T17:37:49.467187+00:00
99900,0.0,,True,2026-10-04T17:37:50.912567+00:00
102500,,,False,2026-10-04T17:37:52.380776+00:00
102600,2.49,USD,False,2026-10-04T17:37:53.878607+00:00
105450,,,False,2026-10-04T17:37:55.335095+00:00
105600,4.99,USD,False,2026-10-04T17:37:56.783867+00:00
107100,2.99,USD,False,2026-10-04T17:37:58.230777+00:00
107410,7.49,USD,False,2026-10-04T17:37:59.664516+00:00
108600,16.74,USD,False,2026-10-04T17:38:01.068415+00:00
108710,2.24,USD,False,2026-10-04T17:38:02.538352+00:00
108800,7.49,USD,False,2026-10-04T17:38:04.053582+00:00
109600,0.0,,True,2026-10-04T17:38:05.553002+00:00
110800,5.99,USD,False,2026-10-04T17:38:07.023860+00:00
113020,2.99,USD,False,2026-10-04T17:38:08.505167+00:00
113200,1.64,USD,False,2026-10-04T17:38:09.985266+00:00
113420,0.0,,True,2026-10-04T17:38:11.403760+00:00
200260,3.99,USD,False,2026-10-04T17:38:12.817666+00:00
200510,5.99,USD,False,2026-10-04T17:38:14.226714+00:00
200710,3.99,USD,False,2026-10-04T17:38:15.789727+00:00
201790,3.74,USD,False,2026-10-04T17:38:17.222919+00:00
201810,4.99,USD,False,2026-10-04T17:38:18.658501+00:00
202170,,,False,2026-10-04T17:38:20.122167+00:00
202750,1.34,USD,False,2026-10-04T17:38:21.532623+00:00
202970,39.99,USD,False,2026-10-04T17:38:22.998073+00:00
203140,1.99,USD,False,2026-10-04T17:38:24.432648+00:00
203160,2.99,USD,False,2026-10-04T17:38:25.869083+00:00
203290,0.0,,True,2026-10-04T17:38:27.375202+00:00
203770,0.0,,True,2026-10-04T17:38:28.860482+00:00
204100,5.99,USD,False,2026-10-04T17:38:30.290442+00:00
204300,7.99,USD,False,2026-10-04T17:38:31.814631+00:00
204340,2.49,USD,False,2026-10-04T17:38:33.286828+00:00
204360,4.49,USD,False,2026-10-04T17:38:34.718599+00:00
204450,1.49,USD,False,2026-10-04T17:38:36.160432+00:00
204880,5.99,USD,False,2026-10-04T17:38:37.657357+00:00
205100,2.49,USD,False,2026-10-04T17:38:39.686368+00:00
206440,1.99,USD,False,2026-10-04T17:38:41.236438+00:00
206480,0.0,,True,2026-10-04T17:38:42.718433+00:00
206500,0.0,,True,2026-10-04T17:38:44.139673+00:00
207140,2.99,USD,False,2026-10-04T17:38:45.594127+00:00
207230,0.0,,True,2026-10-04T17:38:47.095406+00:00
207610,1.49,USD,False,2026-10-04T17:38:48.506325+00:00
208140,2.49,USD,False,2026-10-04T17:38:50.012976+00:00
208580,3.99,USD,False,2026-10-04T17:38:51.514754+00:00
208650,3.99,USD,False,2026-10-04T17:38:52.958107+00:00
209000,3.99,USD,False,2026-10-04T17:38:54.368957+00:00
209080,4.99,USD,False,2026-10-04T17:38:55.851181+00:00
209160,39.99,USD,False,2026-10-04T17:38:57.327534+00:00
210770,2.99,USD,False,2026-10-04T17:38:58.796718+00:00
211500,0.0,,True,2026-10-04T17:39:00.225089+00:00
211820,5.99,USD,False,2026-10-04T17:39:01.705966+00:00
212070,0.0,,True,2026-10-04T17:39:03.191491+00:00
212160,0.0,,True,2026-10-04T17:39:04.707326+00:00
212500,0.0,,True,2026-10-04T17:39:06.304201+00:00
212680,2.99,USD,False,2026-10-04T17:39:07.705765+00:00
213670,7.49,USD,False,2026-10-04T17:39:09.261493+00:00
214420,0.0,,True,2026-10-04T17:39:10.779712+00:00
214490,11.99,USD,False,2026-10-04T17:39:12.261957+00:00
214560,,,False,2026-10-04T17:39:13.682367+00:00
214950,7.49,USD,False,2026-10-04T17:39:15.146560+00:00
215080,0.0,,True,2026-10-04T17:39:16.674377+00:00
215280,0.0,,True,2026-10-04T17:39:18.171692+00:00
216150,0.0,,True,2026-10-04T17:39:19.648903+00:00
218230,0.0,,True,2026-10-04T17:39:21.139293+00:00
218620,4.99,USD,False,2026-10-04T17:39:22.759883+00:00
219150,1.99,USD,False,2026-10-04T17:39:24.224975+00:00
219640,4.99,USD,False,2026-10-04T17:39:25.685393+00:00
219740,2.49,USD,False,2026-10-04T17:39:27.171665+00:00
219990,3.74,USD,False,2026-10-04T17:39:28.818295+00:00
220200,9.99,USD,False,2026-10-04T17:39:30.308694+00:00
220440,7.49,USD,False,2026-10-04T17:39:31.813692+00:00
221040,4.99,USD,False,2026-10-04T17:39:33.244831+00:00
221100,24.99,USD,False,2026-10-04T17:39:34.735767+00:00
221380,19.99,USD,False,2026-10-04T17:39:36.248084+00:00
221910,7.49,USD,False,2026-10-04T17:39:37.694609+00:00
222880,14.99,USD,False,2026-10-04T17:39:39.224633+00:00
223470,0.99,USD,False,2026-10-04T17:39:40.815742+00:00
223710,0.0,,True,2026-10-04T17:39:42.305331+00:00
224260,0.0,,True,2026-10-04T17:39:43.792029+00:00
224540,,,False,2026-10-04T17:39:45.273972+00:00
224600,,,False,2026-10-04T17:39:46.746901+00:00
224760,4.99,USD,False,2026-10-04T17:39:48.252581+00:00
225080,14.99,USD,False,2026-10-04T17:39:49.696428+00:00
225260,2.99,USD,False,2026-10-04T17:39:51.141473+00:00
226840,7.49,USD,False,2026-10-04T17:39:52.609796+00:00
227300,4.99,USD,False,2026-10-04T17:39:54.078434+00:00
227940,,,False,2026-10-04T17:39:55.612127+00:00
228280,5.99,USD,False,2026-10-04T17:39:57.091226+00:00
228380,7.49,USD,False,2026-10-04T17:39:58.552072+00:00
230410,0.0,,True,2026-10-04T17:39:59.984943+00:00
231430,4.99,USD,False,2026-10-04T17:40:01.486277+00:00
232050,3.99,USD,False,2026-10-04T17:40:02.956675+00:00
232090,2.99,USD,False,2026-10-04T17:40:04.418300+00:00
232770,0.0,,True,2026-10-04T17:40:05.902136+00:00
232890,3.99,USD,False,2026-10-04T17:40:07.432454+00:00
233130,2.99,USD,False,2026-10-04T17:40:08.940343+00:00
233450,7.49,USD,False,2026-10-04T17:40:10.450971+00:00
233860,11.99,USD,False,2026-10-04T17:40:11.886269+00:00
234140,2.99,USD,False,2026-10-04T17:40:13.396377+00:00
234650,3.74,USD,False,2026-10-04T17:40:14.821229+00:00
235460,29.99,USD,False,2026-10-04T17:40:16.309803+00:00
235600,4.99,USD,False,2026-10-04T17:40:17.714156+00:00
236110,0.0,,True,2026-10-04T17:40:19.212894+00:00
236390,0.0,,True,2026-10-04T17:40:20.736211+00:00
236850,4.99,USD,False,2026-10-04T17:40:22.148822+00:00
236870,,,False,2026-10-04T17:40:23.739421+00:00
237110,,,False,2026-10-04T17:40:25.181965+00:00
237930,3.99,USD,False,2026-10-04T17:40:26.632482+00:00
238010,1.99,USD,False,2026-10-04T17:40:28.171651+00:00
238090,3.89,USD,False,2026-10-04T17:40:29.672325+00:00
238320,3.74,USD,False,2026-10-04T17:40:31.137684+00:00
238370,3.74,USD,False,2026-10-04T17:40:32.645094+00:00
238460,4.49,USD,False,2026-10-04T17:40:34.117894+00:00
238960,0.0,,True,2026-10-04T17:40:35.654540+00:00
239030,9.99,USD,False,2026-10-04T17:40:37.097626+00:00
239140,2.49,USD,False,2026-10-04T17:40:38.534129+00:00
239160,2.99,USD,False,2026-10-04T17:40:40.063162+00:00
239350,3.74,USD,False,2026-10-04T17:40:41.563205+00:00
239820,3.99,USD,False,2026-10-04T17:40:43.015736+00:00
240320,0.0,,True,2026-10-04T17:40:44.477279+00:00
240720,1.19,USD,False,2026-10-04T17:40:46.013973+00:00
241930,3.99,USD,False,2026-10-04T17:40:47.520921+00:00
242050,39.99,USD,False,2026-10-04T17:40:48.926615+00:00
242720,0.0,,True,2026-10-04T17:40:50.442890+00:00
242760,4.19,USD,False,2026-10-04T17:40:51.855745+00:00
242860,3.99,USD,False,2026-10-04T17:40:53.295217+00:00
242920,6.79,USD,False,2026-10-04T17:40:54.867983+00:00
244210,4.99,USD,False,2026-10-04T17:40:56.378950+00:00
244850,9.99,USD,False,2026-10-04T17:40:57.855573+00:00
245170,2.49,USD,False,2026-10-04T17:40:59.377374+00:00
245620,6.99,USD,False,2026-10-04T17:41:00.795334+00:00
246620,2.99,USD,False,2026-10-04T17:41:02.465561+00:00
246900,5.19,USD,False,2026-10-04T17:41:03.994383+00:00
248570,0.0,,True,2026-10-04T17:41:05.451646+00:00
249130,3.99,USD,False,2026-10-04T17:41:06.942274+00:00
250400,3.74,USD,False,2026-10-04T17:41:08.411206+00:00
250900,11.24,USD,False,2026-10-04T17:41:09.918262+00:00
251060,5.99,USD,False,2026-10-04T17:41:11.390502+00:00
251570,24.74,USD,False,2026-10-04T17:41:12.796264+00:00
252130,0.99,USD,False,2026-10-04T17:41:14.271492+00:00
252490,19.99,USD,False,2026-10-04T17:41:15.691834+00:00
252950,,,False,2026-10-04T17:41:17.594320+00:00
253710,,,False,2026-10-04T17:41:19.119764+00:00
253900,4.99,USD,False,2026-10-04T17:41:20.581858+00:00
253960,3.49,USD,False,2026-10-04T17:41:22.046147+00:00
253980,4.99,USD,False,2026-10-04T17:41:23.536710+00:00
255710,8.99,USD,False,2026-10-04T17:41:25.036025+00:00
257350,5.99,USD,False,2026-10-04T17:41:26.520986+00:00
257510,4.49,USD,False,2026-10-04T17:41:28.023345+00:00
261030,3.74,USD,False,2026-10-04T17:41:29.482388+00:00
261110,1.99,USD,False,2026-10-04T17:41:30.935840+00:00
261550,24.99,USD,False,2026-10-04T17:41:32.365329+00:00
261570,,,False,2026-10-04T17:41:33.853210+00:00
261640,3.99,USD,False,2026-10-04T17:41:35.285816+00:00
262060,3.74,USD,False,2026-10-04T17:41:36.732963+00:00
262410,0.0,,True,2026-10-04T17:41:38.202382+00:00
263500,,,False,2026-10-04T17:41:39.686908+00:00
264710,7.49,USD,False,2026-10-04T17:41:41.117533+00:00
265550,5.99,USD,False,2026-10-04T17:41:42.691801+00:00
265590,0.99,USD,False,2026-10-04T17:41:44.210793+00:00
265630,0.0,,True,2026-10-04T17:41:45.697585+00:00
265930,1.99,USD,False,2026-10-04T17:41:47.148583+00:00
266840,29.99,USD,False,2026-10-04T17:41:48.602826+00:00
268050,4.99,USD,False,2026-10-04T17:41:50.035927+00:00
268420,,,False,2026-10-04T17:41:51.484621+00:00
268500,2.99,USD,False,2026-10-04T17:41:52.955771+00:00
268910,,,,2026-10-04T17:42:03.970600+00:00
269210,7.99,USD,False,2026-10-04T17:42:05.486990+00:00
270150,3.74,USD,False,2026-10-04T17:42:06.947369+00:00
270880,4.99,USD,False,2026-10-04T17:42:08.363021+00:00
271590,,,False,2026-10-04T17:42:09.918218+00:00
273110,,,False,2026-10-04T17:42:11.441817+00:00
273350,,,False,2026-10-04T17:42:12.870539+00:00
274170,2.24,USD,False,2026-10-04T17:42:14.328724+00:00
274190,2.99,USD,False,2026-10-04T17:42:15.860143+00:00
274940,4.99,USD,False,2026-10-04T17:42:17.374673+00:00
275390,3.74,USD,False,2026-10-04T17:42:18.827362+00:00
275850,23.99,USD,False,2026-10-04T17:42:20.436010+00:00
278080,49.99,USD,False,2026-10-04T17:42:21.908422+00:00
278360,2.99,USD,False,2026-10-04T17:42:23.341639+00:00
280790,12.49,USD,False,2026-10-04T17:42:24.800870+00:00
281990,14.99,USD,False,2026-10-04T17:42:26.293933+00:00
282070,1.99,USD,False,2026-10-04T17:42:27.727700+00:00
282140,5.99,USD,False,2026-10-04T17:42:29.222406+00:00
282440,2.99,USD,False,2026-10-04T17:42:30.713013+00:00
284160,19.99,USD,False,2026-10-04T17:42:32.125370+00:00
285190,7.99,USD,False,2026-10-04T17:42:33.592776+00:00
285900,7.99,USD,False,2026-10-04T17:42:35.014892+00:00
286160,9.99,USD,False,2026-10-04T17:42:36.606217+00:00
286570,,,False,2026-10-04T17:42:38.096200+00:00
287390,1.99,USD,False,2026-10-04T17:42:39.669488+00:00
287450,4.99,USD,False,2026-10-04T17:42:41.170028+00:00
287700,17.99,USD,False,2026-10-04T17:42:42.665401+00:00
289070,5.99,USD,False,2026-10-04T17:42:44.113916+00:00
289130,7.49,USD,False,2026-10-04T17:42:45.559165+00:00
289650,7.49,USD,False,2026-10-04T17:42:47.044433+00:00
291480,,,False,2026-10-04T17:42:48.517370+00:00
291550,0.0,,True,2026-10-04T17:42:49.993064+00:00
291650,11.99,USD,False,2026-10-04T17:42:51.435570+00:00
292030,24.99,USD,False,2026-10-04T17:42:52.914897+00:00
292730,59.99,USD,False,2026-10-04T17:42:54.428936+00:00
292910,2.99,USD,False,2026-10-04T17:42:55.919602+00:00
294100,27.99,USD,False,2026-10-04T17:42:57.467956+00:00
297000,3.74,USD,False,2026-10-04T17:42:58.969918+00:00
298110,5.99,USD,False,2026-10-04T17:43:00.456289+00:00
299360,,,False,2026-10-04T17:43:01.918188+00:00
299460,0.75,USD,False,2026-10-04T17:43:03.432691+00:00
301520,,,False,2026-10-04T17:43:04.995245+00:00
302510,3.49,USD,False,2026-10-04T17:43:06.467511+00:00
302830,0.0,,True,2026-10-04T17:43:07.926144+00:00
303390,0.49,USD,False,2026-10-04T17:43:09.393582+00:00
304050,0.0,,True,2026-10-04T17:43:10.982475+00:00
304240,4.99,USD,False,2026-10-04T17:43:12.439711+00:00
304390,2.99,USD,False,2026-10-04T17:43:13.886565+00:00
304430,2.49,USD,False,2026-10-04T17:43:15.488311+00:00
304930,0.0,,True,2026-10-04T17:43:17.238512+00:00
305620,19.99,USD,False,2026-10-04T17:43:18.882274+00:00
306130,4.99,USD,False,2026-10-04T17:43:20.460186+00:00
307690,2.99,USD,False,2026-10-04T17:43:21.941644+00:00
307780,3.99,USD,False,2026-10-04T17:43:23.510161+00:00
308040,1.19,USD,False,2026-10-04T17:43:25.058358+00:00
311210,59.99,USD,False,2026-10-04T17:43:26.901468+00:00
311340,17.99,USD,False,2026-10-04T17:43:28.369121+00:00
311690,2.99,USD,False,2026-10-04T17:43:29.837958+00:00
311860,0.99,USD,False,2026-10-04T17:43:31.525238+00:00
312520,11.24,USD,False,2026-10-04T17:43:32.965207+00:00
312530,12.99,USD,False,2026-10-04T17:43:34.535274+00:00
312660,5.99,USD,False,2026-10-04T17:43:36.313674+00:00
312990,0.0,,True,2026-10-04T17:43:37.772622+00:00
314160,4.99,USD,False,2026-10-04T17:43:39.236546+00:00
316010,,,False,2026-10-04T17:43:40.673289+00:00
319630,0.0,,True,2026-10-04T17:43:42.191534+00:00
319830,0.0,,True,2026-10-04T17:43:43.868336+00:00
322170,2.49,USD,False,2026-10-04T17:43:45.424727+00:00
322330,5.09,USD,False,2026-10-04T17:43:46.923277+00:00
322500,7.49,USD,False,2026-10-04T17:43:48.485514+00:00
323190,2.99,USD,False,2026-10-04T17:43:50.077642+00:00
323470,3.99,USD,False,2026-10-04T17:43:51.527188+00:00
323580,1.49,USD,False,2026-10-04T17:43:53.061738+00:00
323850,3.74,USD,False,2026-10-04T17:43:54.573519+00:00
324800,2.99,USD,False,2026-10-04T17:43:56.077268+00:00
325610,8.99,USD,False,2026-10-04T17:43:57.537687+00:00
327690,,,False,2026-10-04T17:43:59.090792+00:00
332070,,,False,2026-10-04T17:44:00.582319+00:00
333930,0.0,,True,2026-10-04T17:44:02.007326+00:00
334210,2.24,USD,False,2026-10-04T17:44:03.560284+00:00
334230,2.49,USD,False,2026-10-04T17:44:05.102476+00:00
335240,0.0,,True,2026-10-04T17:44:06.580085+00:00
335300,19.99,USD,False,2026-10-04T17:44:08.064991+00:00
337000,2.99,USD,False,2026-10-04T17:44:09.599603+00:00
337320,9.99,USD,False,2026-10-04T17:44:11.097019+00:00
341800,7.49,USD,False,2026-10-04T17:44:12.709209+00:00
342200,0.0,,True,2026-10-04T17:44:14.270551+00:00
343710,4.59,USD,False,2026-10-04T17:44:15.784527+00:00
346010,2.99,USD,False,2026-10-04T17:44:17.210210+00:00
346110,9.89,USD,False,2026-10-04T17:44:18.646482+00:00
346330,0.0,,True,2026-10-04T17:44:20.176691+00:00
346900,0.0,,True,2026-10-04T17:44:21.944962+00:00
349040,14.99,USD,False,2026-10-04T17:44:23.448099+00:00
349700,,,False,2026-10-04T17:44:25.028116+00:00
350640,2.99,USD,False,2026-10-04T17:44:26.471687+00:00
351940,1.49,USD,False,2026-10-04T17:44:28.004861+00:00
355180,0.0,,True,2026-10-04T17:44:29.626380+00:00
355840,,,False,2026-10-04T17:44:31.121054+00:00
356190,4.99,USD,False,2026-10-04T17:44:32.648268+00:00
359320,5.99,USD,False,2026-10-04T17:44:34.143976+00:00
359550,0.0,,True,2026-10-04T17:44:35.617877+00:00
360430,5.99,USD,False,2026-10-04T17:44:37.123892+00:00
360970,0.49,USD,False,2026-10-04T17:44:38.681826+00:00
361420,7.49,USD,False,2026-10-04T17:44:40.216218+00:00
362890,11.99,USD,False,2026-10-04T17:44:41.740129+00:00
363970,0.0,,True,2026-10-04T17:44:43.518939+00:00
364360,14.99,USD,False,2026-10-04T17:44:45.070524+00:00
364470,,,False,2026-10-04T17:44:46.636521+00:00
365450,1.49,USD,False,2026-10-04T17:44:48.188527+00:00
365590,2.99,USD,False,2026-10-04T17:44:49.691843+00:00
365670,0.0,,True,2026-10-04T17:44:51.216097+00:00
367500,4.79,USD,False,2026-10-04T17:44:52.662006+00:00
367520,14.99,USD,False,2026-10-04T17:44:54.184804+00:00
368230,0.0,,True,2026-10-04T17:44:55.866161+00:00
368260,8.99,USD,False,2026-10-04T17:44:57.455489+00:00
368500,5.99,USD,False,2026-10-04T17:44:58.872540+00:00
370910,0.99,USD,False,2026-10-04T17:45:00.334419+00:00
372000,0.0,,True,2026-10-04T17:45:01.887024+00:00
373420,3.99,USD,False,2026-10-04T17:45:03.337381+00:00
374040,2.99,USD,False,2026-10-04T17:45:04.838191+00:00
374320,29.99,USD,False,2026-10-04T17:45:06.561675+00:00
377160,7.99,USD,False,2026-10-04T17:45:08.012649+00:00
377300,0.0,,True,2026-10-04T17:45:09.471782+00:00
378540,1.94,USD,False,2026-10-04T17:45:10.894616+00:00
379430,4.49,USD,False,2026-10-04T17:45:12.331712+00:00
379720,3.99,USD,False,2026-10-04T17:45:13.909081+00:00
380600,0.0,,True,2026-10-04T17:45:15.343156+00:00
381210,7.99,USD,False,2026-10-04T17:45:16.794502+00:00
383150,1.99,USD,False,2026-10-04T17:45:18.215426+00:00
383870,3.99,USD,False,2026-10-04T17:45:19.629163+00:00
386360,0.0,,True,2026-10-04T17:45:21.151573+00:00
386940,6.74,USD,False,2026-10-04T17:45:22.613699+00:00
387290,4.99,USD,False,2026-10-04T17:45:24.042308+00:00
387990,19.42,USD,False,2026-10-04T17:45:25.498088+00:00
389430,0.0,,True,2026-10-04T17:45:26.983807+00:00
389570,0.0,,True,2026-10-04T17:45:28.529644+00:00
389730,5.99,USD,False,2026-10-04T17:45:29.975869+00:00
391220,4.49,USD,False,2026-10-04T17:45:31.395735+00:00
391460,0.0,,True,2026-10-04T17:45:32.912912+00:00
391540,2.49,USD,False,2026-10-04T17:45:34.366151+00:00
391720,19.99,USD,False,2026-10-04T17:45:35.805216+00:00
392160,9.99,USD,False,2026-10-04T17:45:37.308408+00:00
393380,19.99,USD,False,2026-10-04T17:45:38.963423+00:00
394360,14.99,USD,False,2026-10-04T17:45:40.418166+00:00
394510,3.99,USD,False,2026-10-04T17:45:41.848442+00:00
395170,0.69,USD,False,2026-10-04T17:45:43.381777+00:00
397540,5.99,USD,False,2026-10-04T17:45:44.946661+00:00
397900,0.0,,True,2026-10-04T17:45:46.558936+00:00
403640,5.99,USD,False,2026-10-04T17:45:48.148301+00:00
409710,4.99,USD,False,2026-10-04T17:45:49.774183+00:00
409720,2.99,USD,False,2026-10-04T17:45:51.300478+00:00
410320,8.99,USD,False,2026-10-04T17:45:52.891116+00:00
412020,2.99,USD,False,2026-10-04T17:45:54.494238+00:00
412220,0.0,,True,2026-10-04T17:45:56.014021+00:00
413150,10.49,USD,False,2026-10-04T17:45:57.773871+00:00
414700,4.99,USD,False,2026-10-04T17:45:59.433931+00:00
417860,0.0,,True,2026-10-04T17:46:01.042477+00:00
417910,1.99,USD,False,2026-10-04T17:46:02.700108+00:00
418070,0.99,USD,False,2026-10-04T17:46:04.304036+00:00
418240,3.99,USD,False,2026-10-04T17:46:05.959174+00:00
418370,7.99,USD,False,2026-10-04T17:46:07.475003+00:00
418460,2.49,USD,False,2026-10-04T17:46:09.034349+00:00
424280,0.0,,True,2026-10-04T17:46:10.601696+00:00
424840,4.99,USD,False,2026-10-04T17:46:12.502724+00:00
427270,,,False,2026-10-04T17:46:14.008732+00:00
427520,35.0,USD,False,2026-10-04T17:46:15.592457+00:00
427730,6.99,USD,False,2026-10-04T17:46:17.130512+00:00
431240,2.99,USD,False,2026-10-04T17:46:18.651598+00:00
431730,11.99,USD,False,2026-10-04T17:46:20.130763+00:00
431960,3.99,USD,False,2026-10-04T17:46:21.575820+00:00
433340,4.99,USD,False,2026-10-04T17:46:22.998229+00:00
433850,0.0,,True,2026-10-04T17:46:24.549377+00:00
434650,2.99,USD,False,2026-10-04T17:46:26.002074+00:00
435150,11.24,USD,False,2026-10-04T17:46:27.455953+00:00
436150,,,,2026-10-04T17:46:29.017192+00:00
436520,0.0,,True,2026-10-04T17:46:30.514834+00:00
438100,0.0,,True,2026-10-04T17:46:31.967861+00:00
438740,,,False,2026-10-04T17:46:33.487209+00:00
439190,5.24,USD,False,2026-10-04T17:46:34.932273+00:00
439700,,,False,2026-10-04T17:46:36.406566+00:00
440900,19.99,USD,False,2026-10-04T17:46:37.858281+00:00
442080,,,False,2026-10-04T17:46:39.341388+00:00
443110,0.0,,True,2026-10-04T17:46:40.795111+00:00
444090,0.0,,True,2026-10-04T17:46:42.300734+00:00
444200,0.0,,True,2026-10-04T17:46:43.745261+00:00
444640,0.0,,True,2026-10-04T17:46:45.289746+00:00
446800,2.99,USD,False,2026-10-04T17:46:46.770658+00:00
447020,7.49,USD,False,2026-10-04T17:46:48.211592+00:00
447040,2.49,USD,False,2026-10-04T17:46:49.737140+00:00
447820,14.99,USD,False,2026-10-04T17:46:51.209256+00:00
448510,1.69,USD,False,2026-10-04T17:46:52.719255+00:00
450390,0.0,,True,2026-10-04T17:46:54.228564+00:00
453480,,,False,2026-10-04T17:46:55.731719+00:00
454650,4.99,USD,False,2026-10-04T17:46:57.405717+00:00
457140,7.49,USD,False,2026-10-04T17:46:58.947305+00:00
459820,0.0,,True,2026-10-04T17:47:00.500892+00:00
460790,5.99,USD,False,2026-10-04T17:47:02.016033+00:00
460920,1.49,USD,False,2026-10-04T17:47:03.490840+00:00
460930,9.99,USD,False,2026-10-04T17:47:04.997387+00:00
460950,8.99,USD,False,2026-10-04T17:47:06.456695+00:00
462780,2.99,USD,False,2026-10-04T17:47:08.044287+00:00
464920,,,False,2026-10-04T17:47:09.756938+00:00
466240,,,False,2026-10-04T17:47:11.358440+00:00
466560,9.79,USD,False,2026-10-04T17:47:13.111789+00:00
470220,3.99,USD,False,2026-10-04T17:47:14.628136+00:00
471710,,,False,2026-10-04T17:47:17.085768+00:00
474960,9.99,USD,False,2026-10-04T17:47:18.683633+00:00
475150,4.99,USD,False,2026-10-04T17:47:20.250524+00:00
475550,2.09,USD,False,2026-10-04T17:47:21.772646+00:00
476480,0.49,USD,False,2026-10-04T17:47:23.547797+00:00
476600,59.99,USD,False,2026-10-04T17:47:25.278498+00:00
477160,5.99,USD,False,2026-10-04T17:47:26.796813+00:00
482730,,,False,2026-10-04T17:47:28.385964+00:00
485510,7.49,USD,False,2026-10-04T17:47:30.120063+00:00
487220,0.99,USD,False,2026-10-04T17:47:31.753521+00:00
488790,8.99,USD,False,2026-10-04T17:47:33.314043+00:00
489830,3.99,USD,False,2026-10-04T17:47:34.876387+00:00
492720,11.99,USD,False,2026-10-04T17:47:36.540153+00:00
493340,11.24,USD,False,2026-10-04T17:47:38.063204+00:00
493520,10.79,USD,False,2026-10-04T17:47:39.760286+00:00
495420,7.49,USD,False,2026-10-04T17:47:41.378546+00:00
502500,59.99,USD,False,2026-10-04T17:47:42.955664+00:00
504230,4.99,USD,False,2026-10-04T17:47:44.574882+00:00
504370,0.0,,True,2026-10-04T17:47:46.240958+00:00
506540,,,False,2026-10-04T17:47:47.700889+00:00
508440,6.79,USD,False,2026-10-04T17:47:49.133535+00:00
509980,15.99,USD,False,2026-10-04T17:47:50.740495+00:00
510840,1.99,USD,False,2026-10-04T17:47:52.273733+00:00
511470,1.24,USD,False,2026-10-04T17:47:53.885939+00:00
513710,17.99,USD,False,2026-10-04T17:47:55.389683+00:00
518790,0.0,USD,True,2026-10-04T17:47:56.910007+00:00
519860,6.79,USD,False,2026-10-04T17:47:58.453042+00:00
524220,15.99,USD,False,2026-10-04T17:48:00.012602+00:00
526870,27.99,USD,False,2026-10-04T17:48:01.567154+00:00
527230,3.99,USD,False,2026-10-04T17:48:03.159691+00:00
527430,4.99,USD,False,2026-10-04T17:48:04.733402+00:00
529340,14.99,USD,False,2026-10-04T17:48:06.451480+00:00
532210,0.0,,True,2026-10-04T17:48:08.033358+00:00
534380,11.99,USD,False,2026-10-04T17:48:09.554978+00:00
535930,7.49,USD,False,2026-10-04T17:48:11.064130+00:00
544730,0.0,,True,2026-10-04T17:48:12.596149+00:00
544750,5.99,USD,False,2026-10-04T17:48:14.099679+00:00
546560,14.99,USD,False,2026-10-04T17:48:15.545267+00:00
548430,8.99,USD,False,2026-10-04T17:48:16.957369+00:00
550650,0.0,,True,2026-10-04T17:48:18.523353+00:00
550900,,,False,2026-10-04T17:48:20.116059+00:00
552100,13.99,USD,False,2026-10-04T17:48:21.648447+00:00
552500,2.99,USD,False,2026-10-04T17:48:23.157135+00:00
552520,8.99,USD,False,2026-10-04T17:48:24.583715+00:00
552990,0.0,,True,2026-10-04T17:48:26.045750+00:00
553850,29.99,USD,False,2026-10-04T17:48:27.493952+00:00
554620,16.99,USD,False,2026-10-04T17:48:29.042214+00:00
555570,0.0,,True,2026-10-04T17:48:30.480214+00:00
560130,7.99,USD,False,2026-10-04T17:48:31.927437+00:00
568220,8.49,USD,False,2026-10-04T17:48:33.408288+00:00
569480,9.99,USD,False,2026-10-04T17:48:34.920772+00:00
570940,19.99,USD,False,2026-10-04T17:48:36.478936+00:00
578080,0.0,,True,2026-10-04T17:48:38.087600+00:00
581320,5.99,USD,False,2026-10-04T17:48:39.828693+00:00
582010,7.79,USD,False,2026-10-04T17:48:41.361824+00:00
582160,8.99,USD,False,2026-10-04T17:48:42.923060+00:00
582500,0.0,,True,2026-10-04T17:48:44.503704+00:00
582660,0.99,USD,False,2026-10-04T17:48:46.060847+00:00
583950,0.0,,True,2026-10-04T17:48:47.624581+00:00
585420,7.49,USD,False,2026-10-04T17:48:49.254439+00:00
585690,0.49,USD,False,2026-10-04T17:48:50.746241+00:00
588430,0.0,,True,2026-10-04T17:48:52.319411+00:00
588650,12.49,USD,False,2026-10-04T17:48:53.882477+00:00
594570,14.99,USD,False,2026-10-04T17:48:55.673934+00:00
594650,11.99,USD,False,2026-10-04T17:48:57.663931+00:00
599140,4.99,USD,False,2026-10-04T17:48:59.364027+00:00
601150,7.49,USD,False,2026-10-04T17:49:01.013357+00:00
601430,7.99,USD,False,2026-10-04T17:49:02.740092+00:00
601510,0.0,,True,2026-10-04T17:49:04.630136+00:00
602960,17.49,USD,False,2026-10-04T17:49:06.592949+00:00
603850,4.49,USD,False,2026-10-04T17:49:08.087204+00:00
606150,1.99,USD,False,2026-10-04T17:49:09.542052+00:00
606280,5.99,USD,False,2026-10-04T17:49:11.026124+00:00
612880,5.99,USD,False,2026-10-04T17:49:12.657090+00:00
613010,0.89,USD,False,2026-10-04T17:49:14.193912+00:00
613100,7.49,USD,False,2026-10-04T17:49:15.711790+00:00
617290,5.99,USD,False,2026-10-04T17:49:17.245407+00:00
620980,19.99,USD,False,2026-10-04T17:49:18.886265+00:00
621060,19.99,USD,False,2026-10-04T17:49:20.372445+00:00
627690,0.0,,True,2026-10-04T17:49:22.006509+00:00
629520,3.99,USD,False,2026-10-04T17:49:23.844809+00:00
629730,25.49,USD,False,2026-10-04T17:49:25.455240+00:00
629760,2.99,USD,False,2026-10-04T17:49:27.164588+00:00
630100,,,False,2026-10-04T17:49:28.852011+00:00
632360,8.24,USD,False,2026-10-04T17:49:30.394595+00:00
632470,9.99,USD,False,2026-10-04T17:49:31.826054+00:00
633230,4.99,USD,False,2026-10-04T17:49:33.321343+00:00
636480,12.59,USD,False,2026-10-04T17:49:34.902582+00:00
637650,10.49,USD,False,2026-10-04T17:49:36.584885+00:00
638070,2.99,USD,False,2026-10-04T17:49:38.323872+00:00
638970,,,False,2026-10-04T17:49:39.846786+00:00
640590,2.99,USD,False,2026-10-04T17:49:41.619425+00:00
640820,3.59,USD,False,2026-10-04T17:49:43.078543+00:00
641990,4.99,USD,False,2026-10-04T17:49:44.535480+00:00
644930,29.99,USD,False,2026-10-04T17:49:46.122951+00:00
645630,1.59,USD,False,2026-10-04T17:49:47.622128+00:00
646570,6.24,USD,False,2026-10-04T17:49:49.163699+00:00
646910,8.99,USD,False,2026-10-04T17:49:50.680247+00:00
648350,11.24,USD,False,2026-10-04T17:49:52.166497+00:00
648800,13.39,USD,False,2026-10-04T17:49:53.636074+00:00
657200,2.99,USD,False,2026-10-04T17:49:55.154357+00:00
666220,0.0,,True,2026-10-04T17:49:56.653961+00:00
668580,11.99,USD,False,2026-10-04T17:49:58.321160+00:00
671860,14.99,USD,False,2026-10-04T17:50:00.095010+00:00
673130,6.79,USD,False,2026-10-04T17:50:01.720556+00:00
673950,5.99,USD,False,2026-10-04T17:50:03.528821+00:00
674940,1.99,USD,False,2026-10-04T17:50:04.984648+00:00
675010,3.99,USD,False,2026-10-04T17:50:06.424053+00:00
677620,0.0,,True,2026-10-04T17:50:07.991302+00:00
678950,9.59,USD,False,2026-10-04T17:50:09.427700+00:00
678960,5.99,USD,False,2026-10-04T17:50:10.927315+00:00
680420,5.99,USD,False,2026-10-04T17:50:12.439224+00:00
681660,,,False,2026-10-04T17:50:13.987355+00:00
683320,2.99,USD,False,2026-10-04T17:50:15.572896+00:00
686810,12.49,USD,False,2026-10-04T17:50:17.090883+00:00
698780,0.0,,True,2026-10-04T17:50:18.577776+00:00
699130,7.49,USD,False,2026-10-04T17:50:20.147612+00:00
700330,0.0,,True,2026-10-04T17:50:21.657592+00:00
701160,1.99,USD,False,2026-10-04T17:50:23.090123+00:00
703080,13.49,USD,False,2026-10-04T17:50:24.508764+00:00
704270,3.74,USD,False,2026-10-04T17:50:25.938852+00:00
706990,0.0,,True,2026-10-04T17:50:27.512177+00:00
728880,6.24,USD,False,2026-10-04T17:50:28.958451+00:00
736590,0.0,,True,2026-10-04T17:50:30.418058+00:00
738060,0.0,,True,2026-10-04T17:50:31.900373+00:00
739630,13.99,USD,False,2026-10-04T17:50:33.429193+00:00
744900,0.0,,True,2026-10-04T17:50:35.043180+00:00
747660,19.99,USD,False,2026-10-04T17:50:36.637304+00:00
750920,5.99,USD,False,2026-10-04T17:50:38.051434+00:00
753640,12.49,USD,False,2026-10-04T17:50:39.568234+00:00
755790,,,False,2026-10-04T17:50:41.124446+00:00
760160,,,False,2026-10-04T17:50:42.614278+00:00
761890,0.0,,True,2026-10-04T17:50:44.126296+00:00
766570,0.0,,True,2026-10-04T17:50:45.645984+00:00
767560,0.0,,True,2026-10-04T17:50:47.253935+00:00
774361,2.49,USD,False,2026-10-04T17:50:48.801617+00:00
775500,9.59,USD,False,2026-10-04T17:50:50.340428+00:00
779340,11.99,USD,False,2026-10-04T17:50:51.859980+00:00
780310,8.99,USD,False,2026-10-04T17:50:53.398533+00:00
782330,9.89,USD,False,2026-10-04T17:50:55.089581+00:00
783770,,,False,2026-10-04T17:50:56.790917+00:00
787860,8.99,USD,False,2026-10-04T17:50:58.346498+00:00
788100,4.99,USD,False,2026-10-04T17:50:59.862271+00:00
794260,1.99,USD,False,2026-10-04T17:51:01.366655+00:00
805550,9.99,USD,False,2026-10-04T17:51:02.935220+00:00
809960,,,False,2026-10-04T17:51:04.574404+00:00
813780,23.44,USD,False,2026-10-04T17:51:06.146231+00:00
813820,,,False,2026-10-04T17:51:07.801744+00:00
814380,29.99,USD,False,2026-10-04T17:51:09.375299+00:00
815370,2.49,USD,False,2026-10-04T17:51:11.071717+00:00
816020,,,False,2026-10-04T17:51:12.543046+00:00
823130,0.0,,True,2026-10-04T17:51:13.987886+00:00
823500,23.99,USD,False,2026-10-04T17:51:15.507722+00:00
834910,9.89,USD,False,2026-10-04T17:51:17.054937+00:00
837470,7.99,USD,False,2026-10-04T17:51:18.577546+00:00
838350,23.99,USD,False,2026-10-04T17:51:20.147245+00:00
841370,,,False,2026-10-04T17:51:21.787284+00:00
843380,0.0,,True,2026-10-04T17:51:23.400308+00:00
844870,0.0,,True,2026-10-04T17:51:24.969424+00:00
845070,0.0,,True,2026-10-04T17:51:26.456207+00:00
848450,7.49,USD,False,2026-10-04T17:51:27.956537+00:00
858820,4.99,USD,False,2026-10-04T17:51:29.521535+00:00
863550,,,False,2026-10-04T17:51:31.122419+00:00
868270,,,False,2026-10-04T17:51:32.664807+00:00
870780,5.99,USD,False,2026-10-04T17:51:34.169141+00:00
872790,,,False,2026-10-04T17:51:36.014719+00:00
880940,8.99,USD,False,2026-10-04T17:51:37.611211+00:00
881020,39.99,USD,False,2026-10-04T17:51:39.421753+00:00
881100,7.99,USD,False,2026-10-04T17:51:40.952914+00:00
883710,7.99,USD,False,2026-10-04T17:51:42.442218+00:00
884660,0.0,,True,2026-10-04T17:51:43.917608+00:00
892970,26.99,USD,False,2026-10-04T17:51:45.427810+00:00
893520,,,False,2026-10-04T17:51:46.911161+00:00
899440,,,,2026-10-04T17:51:57.920359+00:00
899770,24.49,USD,False,2026-10-04T17:51:59.448692+00:00
905370,,,False,2026-10-04T17:52:00.920404+00:00
918570,0.0,,True,2026-10-04T17:52:02.362575+00:00
920210,7.49,USD,False,2026-10-04T17:52:03.837844+00:00
921630,,,False,2026-10-04T17:52:05.325092+00:00
924970,5.99,USD,False,2026-10-04T17:52:06.818905+00:00
939960,7.99,USD,False,2026-10-04T17:52:08.306305+00:00
942970,2.79,USD,False,2026-10-04T17:52:09.897105+00:00
945360,2.99,USD,False,2026-10-04T17:52:11.364583+00:00
952060,7.99,USD,False,2026-10-04T17:52:12.931409+00:00
955050,3.19,USD,False,2026-10-04T17:52:14.453391+00:00
960090,4.89,USD,False,2026-10-04T17:52:15.999858+00:00
961200,0.0,,True,2026-10-04T17:52:17.477068+00:00
962130,19.99,USD,False,2026-10-04T17:52:19.100125+00:00
967050,2.14,USD,False,2026-10-04T17:52:20.589009+00:00
972660,2.99,USD,False,2026-10-04T17:52:22.103652+00:00
975370,23.99,USD,False,2026-10-04T17:52:23.614231+00:00
976310,4.99,USD,False,2026-10-04T17:52:25.134037+00:00
976730,39.99,USD,False,2026-10-04T17:52:26.648788+00:00
977950,4.79,USD,False,2026-10-04T17:52:28.266295+00:00
990080,5.99,USD,False,2026-10-04T17:52:29.914178+00:00
993090,4.19,USD,False,2026-10-04T17:52:31.423961+00:00
996580,13.99,USD,False,2026-10-04T17:52:32.988832+00:00
1016920,2.99,USD,False,2026-10-04T17:52:34.563899+00:00
1017180,3.99,USD,False,2026-10-04T17:52:36.105332+00:00
1029690,9.99,USD,False,2026-10-04T17:52:37.595459+00:00
1030830,5.99,USD,False,2026-10-04T17:52:39.156501+00:00
1030840,7.99,USD,False,2026-10-04T17:52:40.649267+00:00
1044720,17.49,USD,False,2026-10-04T17:52:42.229942+00:00
1046930,0.0,,True,2026-10-04T17:52:43.738207+00:00
1049410,7.99,USD,False,2026-10-04T17:52:45.287444+00:00
1049590,0.0,,True,2026-10-04T17:52:46.790735+00:00
1056640,0.0,,True,2026-10-04T17:52:48.284018+00:00
1056960,4.99,USD,False,2026-10-04T17:52:49.853421+00:00
1057090,2.99,USD,False,2026-10-04T17:52:51.408064+00:00
1057240,,,False,2026-10-04T17:52:53.019248+00:00
1058020,4.99,USD,False,2026-10-04T17:52:54.585100+00:00
1063730,,,False,2026-10-04T17:52:56.303606+00:00
1085660,0.0,,True,2026-10-04T17:52:57.901881+00:00
1086940,41.99,USD,False,2026-10-04T17:52:59.425848+00:00
1089090,7.99,USD,False,2026-10-04T17:53:01.018118+00:00
1089350,,,False,2026-10-04T17:53:02.797375+00:00
1089980,5.99,USD,False,2026-10-04T17:53:04.352879+00:00
1091500,17.99,USD,False,2026-10-04T17:53:05.776658+00:00
1092790,7.99,USD,False,2026-10-04T17:53:07.532782+00:00
1094520,5.99,USD,False,2026-10-04T17:53:09.060295+00:00
1097150,,,False,2026-10-04T17:53:10.567117+00:00
1100600,,,False,2026-10-04T17:53:12.011758+00:00
1113000,9.99,USD,False,2026-10-04T17:53:13.519423+00:00
1116170,7.49,USD,False,2026-10-04T17:53:15.083562+00:00
1118200,9.99,USD,False,2026-10-04T17:53:16.608455+00:00
1128810,0.0,,True,2026-10-04T17:53:18.062521+00:00
1129580,17.49,USD,False,2026-10-04T17:53:19.665546+00:00
1139900,7.49,USD,False,2026-10-04T17:53:21.229279+00:00
1142710,8.99,USD,False,2026-10-04T17:53:22.738032+00:00
1145350,20.99,USD,False,2026-10-04T17:53:24.318659+00:00
1145360,6.24,USD,False,2026-10-04T17:53:25.898318+00:00
1147550,6.24,USD,False,2026-10-04T17:53:27.493660+00:00
1147560,9.99,USD,False,2026-10-04T17:53:29.024599+00:00
1150690,15.99,USD,False,2026-10-04T17:53:30.549253+00:00
1151340,9.99,USD,False,2026-10-04T17:53:32.091477+00:00
1151640,,,False,2026-10-04T17:53:33.783770+00:00
1158310,14.99,USD,False,2026-10-04T17:53:35.397885+00:00
1167630,14.99,USD,False,2026-10-04T17:53:36.900183+00:00
1172380,7.99,USD,False,2026-10-04T17:53:38.524559+00:00
1172470,0.0,,True,2026-10-04T17:53:40.042015+00:00
1172620,13.99,USD,False,2026-10-04T17:53:41.474912+00:00
1174180,14.99,USD,False,2026-10-04T17:53:43.008908+00:00
1178830,9.99,USD,False,2026-10-04T17:53:44.546162+00:00
1184370,3.99,USD,False,2026-10-04T17:53:46.185060+00:00
1190000,2.99,USD,False,2026-10-04T17:53:47.719057+00:00
1196590,9.99,USD,False,2026-10-04T17:53:49.246081+00:00
1203220,0.0,,True,2026-10-04T17:53:50.928317+00:00
1203620,39.99,USD,False,2026-10-04T17:53:52.524764+00:00
1211020,16.24,USD,False,2026-10-04T17:53:54.034032+00:00
1213210,3.99,USD,False,2026-10-04T17:53:55.577307+00:00
1222140,3.99,USD,False,2026-10-04T17:53:57.081150+00:00
1222670,0.0,,True,2026-10-04T17:53:58.599939+00:00
1222680,6.99,USD,False,2026-10-04T17:54:00.055978+00:00
1222700,8.99,USD,False,2026-10-04T17:54:01.547927+00:00
1229490,22.49,USD,False,2026-10-04T17:54:03.109221+00:00
1237950,9.99,USD,False,2026-10-04T17:54:04.621624+00:00
1237970,4.49,USD,False,2026-10-04T17:54:06.153287+00:00
1238810,4.99,USD,False,2026-10-04T17:54:07.663907+00:00
1238820,3.99,USD,False,2026-10-04T17:54:09.138434+00:00
1238840,3.99,USD,False,2026-10-04T17:54:10.738113+00:00
1238860,3.99,USD,False,2026-10-04T17:54:12.211518+00:00
1240440,0.0,,True,2026-10-04T17:54:13.709458+00:00
1245620,59.99,USD,False,2026-10-04T17:54:15.344207+00:00
1250410,20.99,USD,False,2026-10-04T17:54:17.026822+00:00
1254120,0.0,,True,2026-10-04T17:54:18.581845+00:00
1259420,15.99,USD,False,2026-10-04T17:54:20.164363+00:00
1260320,11.99,USD,False,2026-10-04T17:54:21.599448+00:00
1262350,13.99,USD,False,2026-10-04T17:54:23.126203+00:00
1262580,8.09,USD,False,2026-10-04T17:54:24.719111+00:00
1266680,3.99,USD,False,2026-10-04T17:54:26.317711+00:00
1272080,29.99,USD,False,2026-10-04T17:54:27.871694+00:00
1274570,4.99,USD,False,2026-10-04T17:54:29.397901+00:00
1277400,14.79,USD,False,2026-10-04T17:54:30.974023+00:00
1282730,2.99,USD,False,2026-10-04T17:54:32.483312+00:00
1284190,11.99,USD,False,2026-10-04T17:54:33.984689+00:00
1284210,0.0,,True,2026-10-04T17:54:35.495920+00:00
1284410,0.0,,True,2026-10-04T17:54:36.922786+00:00
1286680,5.99,USD,False,2026-10-04T17:54:38.451640+00:00
1286830,0.0,,True,2026-10-04T17:54:40.088394+00:00
1289310,0.0,,True,2026-10-04T17:54:41.679077+00:00
1290000,9.99,USD,False,2026-10-04T17:54:43.279409+00:00
1293830,,,False,2026-10-04T17:54:45.205567+00:00
1296830,12.59,USD,False,2026-10-04T17:54:46.712463+00:00
1304930,3.99,USD,False,2026-10-04T17:54:48.545907+00:00
1307550,14.99,USD,False,2026-10-04T17:54:50.179070+00:00
1313140,12.49,USD,False,2026-10-04T17:54:51.697450+00:00
1313860,,,False,2026-10-04T17:54:53.289207+00:00
1326470,8.69,USD,False,2026-10-04T17:54:54.797791+00:00
1328670,14.99,USD,False,2026-10-04T17:54:56.895122+00:00
1332010,14.99,USD,False,2026-10-04T17:54:58.584189+00:00
1343370,0.0,,True,2026-10-04T17:55:00.171584+00:00
1343400,0.0,,True,2026-10-04T17:55:02.044562+00:00
1361210,9.99,USD,False,2026-10-04T17:55:03.657411+00:00
1363080,25.99,USD,False,2026-10-04T17:55:05.305743+00:00
1364780,15.99,USD,False,2026-10-04T17:55:06.900178+00:00
1366540,15.99,USD,False,2026-10-04T17:55:08.575937+00:00
1366800,4.99,USD,False,2026-10-04T17:55:10.016574+00:00
1371980,27.99,USD,False,2026-10-04T17:55:11.568766+00:00
1372880,,,False,2026-10-04T17:55:13.119555+00:00
1380400,1.99,USD,False,2026-10-04T17:55:14.597714+00:00
1388770,1.99,USD,False,2026-10-04T17:55:16.113302+00:00
1399780,,,False,2026-10-04T17:55:17.596523+00:00
1404210,9.99,USD,False,2026-10-04T17:55:19.192285+00:00
1426210,11.99,USD,False,2026-10-04T17:55:20.750020+00:00
1446780,3.99,USD,False,2026-10-04T17:55:22.339814+00:00
1454400,2.49,USD,False,2026-10-04T17:55:23.862406+00:00
1468810,11.99,USD,False,2026-10-04T17:55:25.423540+00:00
1475810,14.99,USD,False,2026-10-04T17:55:26.988894+00:00
1476970,0.0,,True,2026-10-04T17:55:28.837130+00:00
1491000,0.0,,True,2026-10-04T17:55:30.409868+00:00
1506830,,,False,2026-10-04T17:55:31.959573+00:00
1515210,4.19,USD,False,2026-10-04T17:55:33.423069+00:00
1515950,0.0,USD,True,2026-10-04T17:55:35.195463+00:00
1517290,5.99,USD,False,2026-10-04T17:55:36.835626+00:00
1522820,7.49,USD,False,2026-10-04T17:55:38.387233+00:00
1533390,19.99,USD,False,2026-10-04T17:55:39.861550+00:00
1536610,,,False,2026-10-04T17:55:41.433487+00:00
1551360,23.99,USD,False,2026-10-04T17:55:42.849618+00:00
1557740,2.99,USD,False,2026-10-04T17:55:44.412559+00:00
1562430,9.99,USD,False,2026-10-04T17:55:45.910090+00:00
1569040,,,False,2026-10-04T17:55:47.394899+00:00
1593500,19.99,USD,False,2026-10-04T17:55:48.852476+00:00
1599340,0.0,,True,2026-10-04T17:55:50.346097+00:00
1599600,1.99,USD,False,2026-10-04T17:55:51.904095+00:00
1604030,15.74,USD,False,2026-10-04T17:55:53.487768+00:00
1611910,8.99,USD,False,2026-10-04T17:55:54.929095+00:00
1619450,10.99,USD,False,2026-10-04T17:55:56.355974+00:00
1621690,11.99,USD,False,2026-10-04T17:55:57.959622+00:00
1623730,20.99,USD,False,2026-10-04T17:55:59.592887+00:00
1627140,2.09,USD,False,2026-10-04T17:56:01.137237+00:00
1637320,4.49,USD,False,2026-10-04T17:56:02.606476+00:00
1643320,41.99,USD,False,2026-10-04T17:56:04.042961+00:00
1659040,2.99,USD,False,2026-10-04T17:56:05.569681+00:00
1665460,0.0,,True,2026-10-04T17:56:07.118508+00:00
1676130,24.99,USD,False,2026-10-04T17:56:08.700774+00:00
1677740,0.0,,True,2026-10-04T17:56:10.253895+00:00
1687950,17.99,USD,False,2026-10-04T17:56:11.798520+00:00
1716740,29.99,USD,False,2026-10-04T17:56:13.403112+00:00
1755910,0.0,USD,True,2026-10-04T17:56:15.141634+00:00
1771300,23.99,USD,False,2026-10-04T17:56:16.871885+00:00
1774580,10.49,USD,False,2026-10-04T17:56:18.660344+00:00
1778820,23.99,USD,False,2026-10-04T17:56:20.186332+00:00
1782210,0.0,,True,2026-10-04T17:56:21.731804+00:00
1790600,29.99,USD,False,2026-10-04T17:56:23.256626+00:00
1794680,3.74,USD,False,2026-10-04T17:56:24.786100+00:00
1811260,,,False,2026-10-04T17:56:26.289825+00:00
1817070,23.99,USD,False,2026-10-04T17:56:27.717601+00:00
1818750,,,False,2026-10-04T17:56:29.235958+00:00
1824220,7.99,USD,False,2026-10-04T17:56:30.676678+00:00
1832640,0.79,USD,False,2026-10-04T17:56:32.243886+00:00
1850570,9.99,USD,False,2026-10-04T17:56:33.773047+00:00
1868140,9.99,USD,False,2026-10-04T17:56:35.340839+00:00
1903340,39.99,USD,False,2026-10-04T17:56:36.862211+00:00
1929610,5.99,USD,False,2026-10-04T17:56:38.388817+00:00
1938090,,,False,2026-10-04T17:56:39.893748+00:00
1942280,2.99,USD,False,2026-10-04T17:56:41.463822+00:00
1943950,7.99,USD,False,2026-10-04T17:56:43.028098+00:00
1966720,9.99,USD,False,2026-10-04T17:56:44.642036+00:00
1987080,6.29,USD,False,2026-10-04T17:56:46.137429+00:00
2001120,32.49,USD,False,2026-10-04T17:56:47.717992+00:00
2012510,0.0,,True,2026-10-04T17:56:49.334958+00:00
2021910,0.0,,True,2026-10-04T17:56:50.866036+00:00
2050650,9.99,USD,False,2026-10-04T17:56:52.339161+00:00
2054970,39.99,USD,False,2026-10-04T17:56:53.786970+00:00
2064650,0.0,,True,2026-10-04T17:56:55.388610+00:00
2096610,13.49,USD,False,2026-10-04T17:56:56.844213+00:00
2183900,14.99,USD,False,2026-10-04T17:56:58.623412+00:00
2186680,14.99,USD,False,2026-10-04T17:57:00.354446+00:00
2195250,,,False,2026-10-04T17:57:01.866949+00:00
2215430,35.99,USD,False,2026-10-04T17:57:03.320992+00:00
2231450,13.39,USD,False,2026-10-04T17:57:04.834992+00:00
2246340,29.99,USD,False,2026-10-04T17:57:06.293536+00:00
2322010,40.19,USD,False,2026-10-04T17:57:07.730772+00:00
2322560,6.99,USD,False,2026-10-04T17:57:09.168907+00:00
2344520,49.99,USD,False,2026-10-04T17:57:10.646641+00:00
2358720,59.99,USD,False,2026-10-04T17:57:12.166800+00:00
2379780,11.99,USD,False,2026-10-04T17:57:13.718109+00:00
2399830,11.24,USD,False,2026-10-04T17:57:15.257843+00:00
2420510,0.0,,True,2026-10-04T17:57:16.793710+00:00
2479810,26.79,USD,False,2026-10-04T17:57:18.437949+00:00
2527500,11.99,USD,False,2026-10-04T17:57:19.886878+00:00
2551020,0.0,,True,2026-10-04T17:57:21.431072+00:00
2552430,14.99,USD,False,2026-10-04T17:57:22.939394+00:00
2567870,3.99,USD,False,2026-10-04T17:57:24.501552+00:00
2623190,34.99,USD,False,2026-10-04T17:57:26.084280+00:00
2669320,,,False,2026-10-04T17:57:27.631946+00:00
2670630,11.99,USD,False,2026-10-04T17:57:29.106630+00:00
2680010,35.99,USD,False,2026-10-04T17:57:30.675371+00:00
2694490,29.99,USD,False,2026-10-04T17:57:32.264313+00:00
2709570,0.0,,True,2026-10-04T17:57:33.801089+00:00
2835570,1.79,USD,False,2026-10-04T17:57:35.396516+00:00
2881650,4.95,USD,False,2026-10-04T17:57:36.943152+00:00
3070070,19.99,USD,False,2026-10-04T17:57:38.455921+00:00
3097560,4.19,USD,False,2026-10-04T17:57:39.954771+00:00
3132990,0.0,,True,2026-10-04T17:57:41.402494+00:00
3146520,4.99,USD,False,2026-10-04T17:57:42.977973+00:00
3164500,13.99,USD,False,2026-10-04T17:57:44.459109+00:00
3240220,14.99,USD,False,2026-10-04T17:57:46.036179+00:00
3241660,6.49,USD,False,2026-10-04T17:57:47.500404+00:00
